Lieu	N° région, département	Série	Unité	1991	1992	1993	1994	1995	1996	1997	1998	1999	2000	2001	2002	2003	2004	2005	2006	2007	2008	2009
AIN	01	EN05Nombre d'éoliennes installées depuis 1990	Nombre	0.0	0.0	0.0	0.0	0.0	0.0	0.0	0.0	0.0	0.0	0.0	0.0	0.0	0.0	0.0	0.0	0.0	0.0	0.0
AIN	01	EN05Puissance installée depuis 1990	MW	0.0	0.0	0.0	0.0	0.0	0.0	0.0	0.0	0.0	0.0	0.0	0.0	0.0	0.0	0.0	0.0	0.0	0.0	0.0
AIN	01	EN05Nombre d'éoliennes installées dans l'année	Nombre	0.0	0.0	0.0	0.0	0.0	0.0	0.0	0.0	0.0	0.0	0.0	0.0	0.0	0.0	0.0	0.0	0.0	0.0	0.0
AIN	01	EN05Puissance installée dans l'année	MW	0.0	0.0	0.0	0.0	0.0	0.0	0.0	0.0	0.0	0.0	0.0	0.0	0.0	0.0	0.0	0.0	0.0	0.0	0.0
AISNE	02	EN05Nombre d'éoliennes installées depuis 1990	Nombre	0.0	0.0	0.0	0.0	0.0	0.0	0.0	0.0	0.0	0.0	0.0	0.0	0.0	4.0	4.0	4.0	10.0	50.0	107.0
AISNE	02	EN05Puissance installée depuis 1990	MW	0.0	0.0	0.0	0.0	0.0	0.0	0.0	0.0	0.0	0.0	0.0	0.0	0.0	11.0	11.0	11.0	25.6	92.45	216.45
AISNE	02	EN05Nombre d'éoliennes installées dans l'année	Nombre	0.0	0.0	0.0	0.0	0.0	0.0	0.0	0.0	0.0	0.0	0.0	0.0	0.0	4.0	0.0	0.0	6.0	40.0	57.0
AISNE	02	EN05Puissance installée dans l'année	MW	0.0	0.0	0.0	0.0	0.0	0.0	0.0	0.0	0.0	0.0	0.0	0.0	0.0	11.0	0.0	0.0	14.6	66.85	124.0
ALLIER	03	EN05Nombre d'éoliennes installées depuis 1990	Nombre	0.0	0.0	0.0	0.0	0.0	0.0	0.0	0.0	0.0	0.0	0.0	0.0	0.0	0.0	0.0	0.0	1.0	1.0	1.0
ALLIER	03	EN05Puissance installée depuis 1990	MW	0.0	0.0	0.0	0.0	0.0	0.0	0.0	0.0	0.0	0.0	0.0	0.0	0.0	0.0	0.0	0.0	1.2	1.2	1.2
ALLIER	03	EN05Nombre d'éoliennes installées dans l'année	Nombre	0.0	0.0	0.0	0.0	0.0	0.0	0.0	0.0	0.0	0.0	0.0	0.0	0.0	0.0	0.0	0.0	1.0	0.0	0.0
ALLIER	03	EN05Puissance installée dans l'année	MW	0.0	0.0	0.0	0.0	0.0	0.0	0.0	0.0	0.0	0.0	0.0	0.0	0.0	0.0	0.0	0.0	1.2	0.0	0.0
ALPES-DE-HAUTE-PROVENCE	04	EN05Nombre d'éoliennes installées depuis 1990	Nombre	0.0	0.0	0.0	0.0	0.0	0.0	0.0	0.0	0.0	0.0	0.0	0.0	0.0	0.0	0.0	0.0	0.0	0.0	0.0
ALPES-DE-HAUTE-PROVENCE	04	EN05Puissance installée depuis 1990	MW	0.0	0.0	0.0	0.0	0.0	0.0	0.0	0.0	0.0	0.0	0.0	0.0	0.0	0.0	0.0	0.0	0.0	0.0	0.0
ALPES-DE-HAUTE-PROVENCE	04	EN05Nombre d'éoliennes installées dans l'année	Nombre	0.0	0.0	0.0	0.0	0.0	0.0	0.0	0.0	0.0	0.0	0.0	0.0	0.0	0.0	0.0	0.0	0.0	0.0	0.0
ALPES-DE-HAUTE-PROVENCE	04	EN05Puissance installée dans l'année	MW	0.0	0.0	0.0	0.0	0.0	0.0	0.0	0.0	0.0	0.0	0.0	0.0	0.0	0.0	0.0	0.0	0.0	0.0	0.0
ALPES-MARITIMES	06	EN05Nombre d'éoliennes installées depuis 1990	Nombre	0.0	0.0	0.0	0.0	0.0	0.0	0.0	0.0	0.0	0.0	0.0	0.0	0.0	0.0	0.0	0.0	0.0	0.0	0.0
ALPES-MARITIMES	06	EN05Puissance installée depuis 1990	MW	0.0	0.0	0.0	0.0	0.0	0.0	0.0	0.0	0.0	0.0	0.0	0.0	0.0	0.0	0.0	0.0	0.0	0.0	0.0
ALPES-MARITIMES	06	EN05Nombre d'éoliennes installées dans l'année	Nombre	0.0	0.0	0.0	0.0	0.0	0.0	0.0	0.0	0.0	0.0	0.0	0.0	0.0	0.0	0.0	0.0	0.0	0.0	0.0
ALPES-MARITIMES	06	EN05Puissance installée dans l'année	MW	0.0	0.0	0.0	0.0	0.0	0.0	0.0	0.0	0.0	0.0	0.0	0.0	0.0	0.0	0.0	0.0	0.0	0.0	0.0
ARDECHE	07	EN05Nombre d'éoliennes installées depuis 1990	Nombre	0.0	0.0	0.0	0.0	0.0	0.0	0.0	0.0	0.0	0.0	0.0	0.0	0.0	8.0	22.0	27.0	33.0	35.0	35.0
ARDECHE	07	EN05Puissance installée depuis 1990	MW	0.0	0.0	0.0	0.0	0.0	0.0	0.0	0.0	0.0	0.0	0.0	0.0	0.0	6.8	26.0	36.0	49.8	55.8	55.8
ARDECHE	07	EN05Nombre d'éoliennes installées dans l'année	Nombre	0.0	0.0	0.0	0.0	0.0	0.0	0.0	0.0	0.0	0.0	0.0	0.0	0.0	8.0	14.0	5.0	6.0	2.0	0.0
ARDECHE	07	EN05Puissance installée dans l'année	MW	0.0	0.0	0.0	0.0	0.0	0.0	0.0	0.0	0.0	0.0	0.0	0.0	0.0	6.8	19.2	10.0	13.8	6.0	0.0
ARDENNES	08	EN05Nombre d'éoliennes installées depuis 1990	Nombre	0.0	0.0	0.0	0.0	0.0	0.0	0.0	0.0	0.0	0.0	0.0	0.0	0.0	0.0	0.0	0.0	0.0	3.0	19.0
ARDENNES	08	EN05Puissance installée depuis 1990	MW	0.0	0.0	0.0	0.0	0.0	0.0	0.0	0.0	0.0	0.0	0.0	0.0	0.0	0.0	0.0	0.0	0.0	6.9	38.9
ARDENNES	08	EN05Nombre d'éoliennes installées dans l'année	Nombre	0.0	0.0	0.0	0.0	0.0	0.0	0.0	0.0	0.0	0.0	0.0	0.0	0.0	0.0	0.0	0.0	0.0	3.0	16.0
ARDENNES	08	EN05Puissance installée dans l'année	MW	0.0	0.0	0.0	0.0	0.0	0.0	0.0	0.0	0.0	0.0	0.0	0.0	0.0	0.0	0.0	0.0	0.0	6.9	32.0
ARIEGE	09	EN05Nombre d'éoliennes installées depuis 1990	Nombre	0.0	0.0	0.0	0.0	0.0	0.0	0.0	0.0	0.0	0.0	0.0	0.0	0.0	0.0	0.0	0.0	0.0	0.0	0.0
ARIEGE	09	EN05Puissance installée depuis 1990	MW	0.0	0.0	0.0	0.0	0.0	0.0	0.0	0.0	0.0	0.0	0.0	0.0	0.0	0.0	0.0	0.0	0.0	0.0	0.0
ARIEGE	09	EN05Nombre d'éoliennes installées dans l'année	Nombre	0.0	0.0	0.0	0.0	0.0	0.0	0.0	0.0	0.0	0.0	0.0	0.0	0.0	0.0	0.0	0.0	0.0	0.0	0.0
ARIEGE	09	EN05Puissance installée dans l'année	MW	0.0	0.0	0.0	0.0	0.0	0.0	0.0	0.0	0.0	0.0	0.0	0.0	0.0	0.0	0.0	0.0	0.0	0.0	0.0
AUBE	10	EN05Nombre d'éoliennes installées depuis 1990	Nombre	0.0	0.0	0.0	0.0	0.0	0.0	0.0	0.0	0.0	0.0	0.0	0.0	0.0	0.0	6.0	18.0	33.0	33.0	68.0
AUBE	10	EN05Puissance installée depuis 1990	MW	0.0	0.0	0.0	0.0	0.0	0.0	0.0	0.0	0.0	0.0	0.0	0.0	0.0	0.0	12.0	36.0	66.0	66.0	136.0
AUBE	10	EN05Nombre d'éoliennes installées dans l'année	Nombre	0.0	0.0	0.0	0.0	0.0	0.0	0.0	0.0	0.0	0.0	0.0	0.0	0.0	0.0	6.0	12.0	15.0	0.0	35.0
AUBE	10	EN05Puissance installée dans l'année	MW	0.0	0.0	0.0	0.0	0.0	0.0	0.0	0.0	0.0	0.0	0.0	0.0	0.0	0.0	12.0	24.0	30.0	0.0	70.0
AUDE	11	EN05Nombre d'éoliennes installées depuis 1990	Nombre	0.0	0.0	0.0	0.0	0.0	0.0	0.0	0.0	0.0	24.0	39.0	56.0	67.0	70.0	88.0	125.0	133.0	157.0	190.0
AUDE	11	EN05Puissance installée depuis 1990	MW	0.0	0.0	0.0	0.0	0.0	0.0	0.0	0.0	0.0	18.0	34.0	50.4	59.2	61.75	79.6	130.1	146.1	201.3	235.7
AUDE	11	EN05Nombre d'éoliennes installées dans l'année	Nombre	0.0	0.0	0.0	0.0	0.0	0.0	0.0	0.0	0.0	24.0	15.0	17.0	11.0	3.0	18.0	37.0	8.0	24.0	33.0
AUDE	11	EN05Puissance installée dans l'année	MW	0.0	0.0	0.0	0.0	0.0	0.0	0.0	0.0	0.0	18.0	16.0	16.4	8.8	2.55	17.85	50.5	16.0	55.2	34.4
AVEYRON	12	EN05Nombre d'éoliennes installées depuis 1990	Nombre	0.0	0.0	0.0	0.0	0.0	0.0	0.0	0.0	0.0	0.0	0.0	12.0	12.0	12.0	12.0	16.0	35.0	54.0	83.0
AVEYRON	12	EN05Puissance installée depuis 1990	MW	0.0	0.0	0.0	0.0	0.0	0.0	0.0	0.0	0.0	0.0	0.0	15.6	15.6	15.6	15.6	17.8	59.7	95.2	182.2
AVEYRON	12	EN05Nombre d'éoliennes installées dans l'année	Nombre	0.0	0.0	0.0	0.0	0.0	0.0	0.0	0.0	0.0	0.0	0.0	12.0	0.0	0.0	0.0	4.0	19.0	19.0	29.0
AVEYRON	12	EN05Puissance installée dans l'année	MW	0.0	0.0	0.0	0.0	0.0	0.0	0.0	0.0	0.0	0.0	0.0	15.6	0.0	0.0	0.0	2.2	41.9	35.5	87.0
BAS-RHIN	67	EN05Nombre d'éoliennes installées depuis 1990	Nombre	0.0	0.0	0.0	0.0	0.0	0.0	0.0	0.0	0.0	0.0	0.0	0.0	0.0	0.0	0.0	0.0	0.0	0.0	0.0
BAS-RHIN	67	EN05Puissance installée depuis 1990	MW	0.0	0.0	0.0	0.0	0.0	0.0	0.0	0.0	0.0	0.0	0.0	0.0	0.0	0.0	0.0	0.0	0.0	0.0	0.0
BAS-RHIN	67	EN05Nombre d'éoliennes installées dans l'année	Nombre	0.0	0.0	0.0	0.0	0.0	0.0	0.0	0.0	0.0	0.0	0.0	0.0	0.0	0.0	0.0	0.0	0.0	0.0	0.0
BAS-RHIN	67	EN05Puissance installée dans l'année	MW	0.0	0.0	0.0	0.0	0.0	0.0	0.0	0.0	0.0	0.0	0.0	0.0	0.0	0.0	0.0	0.0	0.0	0.0	0.0
BOUCHES-DU-RHONE	13	EN05Nombre d'éoliennes installées depuis 1990	Nombre	0.0	0.0	0.0	0.0	0.0	0.0	0.0	0.0	0.0	0.0	0.0	0.0	0.0	0.0	25.0	29.0	29.0	38.0	38.0
BOUCHES-DU-RHONE	13	EN05Puissance installée depuis 1990	MW	0.0	0.0	0.0	0.0	0.0	0.0	0.0	0.0	0.0	0.0	0.0	0.0	0.0	0.0	21.3	31.3	31.3	38.95	38.95
BOUCHES-DU-RHONE	13	EN05Nombre d'éoliennes installées dans l'année	Nombre	0.0	0.0	0.0	0.0	0.0	0.0	0.0	0.0	0.0	0.0	0.0	0.0	0.0	0.0	25.0	4.0	0.0	9.0	0.0
BOUCHES-DU-RHONE	13	EN05Puissance installée dans l'année	MW	0.0	0.0	0.0	0.0	0.0	0.0	0.0	0.0	0.0	0.0	0.0	0.0	0.0	0.0	21.3	10.0	0.0	7.65	0.0
CALVADOS	14	EN05Nombre d'éoliennes installées depuis 1990	Nombre	0.0	0.0	0.0	0.0	0.0	0.0	0.0	0.0	0.0	0.0	0.0	0.0	0.0	0.0	0.0	10.0	15.0	26.0	48.0
CALVADOS	14	EN05Puissance installée depuis 1990	MW	0.0	0.0	0.0	0.0	0.0	0.0	0.0	0.0	0.0	0.0	0.0	0.0	0.0	0.0	0.0	18.0	28.0	50.0	94.0
CALVADOS	14	EN05Nombre d'éoliennes installées dans l'année	Nombre	0.0	0.0	0.0	0.0	0.0	0.0	0.0	0.0	0.0	0.0	0.0	0.0	0.0	0.0	0.0	10.0	5.0	11.0	22.0
CALVADOS	14	EN05Puissance installée dans l'année	MW	0.0	0.0	0.0	0.0	0.0	0.0	0.0	0.0	0.0	0.0	0.0	0.0	0.0	0.0	0.0	18.0	10.0	22.0	44.0
CANTAL	15	EN05Nombre d'éoliennes installées depuis 1990	Nombre	0.0	0.0	0.0	0.0	0.0	0.0	0.0	0.0	0.0	0.0	0.0	0.0	0.0	0.0	0.0	0.0	5.0	14.0	14.0
CANTAL	15	EN05Puissance installée depuis 1990	MW	0.0	0.0	0.0	0.0	0.0	0.0	0.0	0.0	0.0	0.0	0.0	0.0	0.0	0.0	0.0	0.0	15.0	33.0	33.0
CANTAL	15	EN05Nombre d'éoliennes installées dans l'année	Nombre	0.0	0.0	0.0	0.0	0.0	0.0	0.0	0.0	0.0	0.0	0.0	0.0	0.0	0.0	0.0	0.0	5.0	9.0	0.0
CANTAL	15	EN05Puissance installée dans l'année	MW	0.0	0.0	0.0	0.0	0.0	0.0	0.0	0.0	0.0	0.0	0.0	0.0	0.0	0.0	0.0	0.0	15.0	18.0	0.0
CHARENTE	16	EN05Nombre d'éoliennes installées depuis 1990	Nombre	0.0	0.0	0.0	0.0	0.0	0.0	0.0	0.0	0.0	0.0	0.0	0.0	0.0	0.0	0.0	0.0	0.0	15.0	15.0
CHARENTE	16	EN05Puissance installée depuis 1990	MW	0.0	0.0	0.0	0.0	0.0	0.0	0.0	0.0	0.0	0.0	0.0	0.0	0.0	0.0	0.0	0.0	0.0	34.5	34.5
CHARENTE	16	EN05Nombre d'éoliennes installées dans l'année	Nombre	0.0	0.0	0.0	0.0	0.0	0.0	0.0	0.0	0.0	0.0	0.0	0.0	0.0	0.0	0.0	0.0	0.0	15.0	0.0
CHARENTE	16	EN05Puissance installée dans l'année	MW	0.0	0.0	0.0	0.0	0.0	0.0	0.0	0.0	0.0	0.0	0.0	0.0	0.0	0.0	0.0	0.0	0.0	34.5	0.0
CHARENTE-MARITIME	17	EN05Nombre d'éoliennes installées depuis 1990	Nombre	0.0	0.0	0.0	0.0	0.0	0.0	0.0	0.0	0.0	0.0	0.0	0.0	0.0	6.0	6.0	6.0	14.0	18.0	23.0
CHARENTE-MARITIME	17	EN05Puissance installée depuis 1990	MW	0.0	0.0	0.0	0.0	0.0	0.0	0.0	0.0	0.0	0.0	0.0	0.0	0.0	9.0	9.0	9.0	21.0	29.0	36.5
CHARENTE-MARITIME	17	EN05Nombre d'éoliennes installées dans l'année	Nombre	0.0	0.0	0.0	0.0	0.0	0.0	0.0	0.0	0.0	0.0	0.0	0.0	0.0	6.0	0.0	0.0	8.0	4.0	5.0
CHARENTE-MARITIME	17	EN05Puissance installée dans l'année	MW	0.0	0.0	0.0	0.0	0.0	0.0	0.0	0.0	0.0	0.0	0.0	0.0	0.0	9.0	0.0	0.0	12.0	8.0	7.5
CHER	18	EN05Nombre d'éoliennes installées depuis 1990	Nombre	0.0	0.0	0.0	0.0	0.0	0.0	0.0	0.0	0.0	0.0	0.0	0.0	0.0	0.0	0.0	0.0	0.0	0.0	0.0
CHER	18	EN05Puissance installée depuis 1990	MW	0.0	0.0	0.0	0.0	0.0	0.0	0.0	0.0	0.0	0.0	0.0	0.0	0.0	0.0	0.0	0.0	0.0	0.0	0.0
CHER	18	EN05Nombre d'éoliennes installées dans l'année	Nombre	0.0	0.0	0.0	0.0	0.0	0.0	0.0	0.0	0.0	0.0	0.0	0.0	0.0	0.0	0.0	0.0	0.0	0.0	0.0
CHER	18	EN05Puissance installée dans l'année	MW	0.0	0.0	0.0	0.0	0.0	0.0	0.0	0.0	0.0	0.0	0.0	0.0	0.0	0.0	0.0	0.0	0.0	0.0	0.0
CORREZE	19	EN05Nombre d'éoliennes installées depuis 1990	Nombre	0.0	0.0	0.0	0.0	0.0	0.0	0.0	0.0	0.0	0.0	0.0	0.0	0.0	0.0	6.0	6.0	6.0	6.0	6.0
CORREZE	19	EN05Puissance installée depuis 1990	MW	0.0	0.0	0.0	0.0	0.0	0.0	0.0	0.0	0.0	0.0	0.0	0.0	0.0	0.0	9.0	9.0	9.0	9.0	9.0
CORREZE	19	EN05Nombre d'éoliennes installées dans l'année	Nombre	0.0	0.0	0.0	0.0	0.0	0.0	0.0	0.0	0.0	0.0	0.0	0.0	0.0	0.0	6.0	0.0	0.0	0.0	0.0
CORREZE	19	EN05Puissance installée dans l'année	MW	0.0	0.0	0.0	0.0	0.0	0.0	0.0	0.0	0.0	0.0	0.0	0.0	0.0	0.0	9.0	0.0	0.0	0.0	0.0
CORSE-DU-SUD	2A	EN05Nombre d'éoliennes installées depuis 1990	Nombre	0.0	0.0	0.0	0.0	0.0	0.0	0.0	0.0	0.0	0.0	0.0	0.0	0.0	0.0	0.0	0.0	0.0	0.0	0.0
CORSE-DU-SUD	2A	EN05Puissance installée depuis 1990	MW	0.0	0.0	0.0	0.0	0.0	0.0	0.0	0.0	0.0	0.0	0.0	0.0	0.0	0.0	0.0	0.0	0.0	0.0	0.0
CORSE-DU-SUD	2A	EN05Nombre d'éoliennes installées dans l'année	Nombre	0.0	0.0	0.0	0.0	0.0	0.0	0.0	0.0	0.0	0.0	0.0	0.0	0.0	0.0	0.0	0.0	0.0	0.0	0.0
CORSE-DU-SUD	2A	EN05Puissance installée dans l'année	MW	0.0	0.0	0.0	0.0	0.0	0.0	0.0	0.0	0.0	0.0	0.0	0.0	0.0	0.0	0.0	0.0	0.0	0.0	0.0
COTE-D OR	21	EN05Nombre d'éoliennes installées depuis 1990	Nombre	0.0	0.0	0.0	0.0	0.0	0.0	0.0	0.0	0.0	0.0	0.0	0.0	0.0	0.0	0.0	0.0	0.0	0.0	25.0
COTE-D OR	21	EN05Puissance installée depuis 1990	MW	0.0	0.0	0.0	0.0	0.0	0.0	0.0	0.0	0.0	0.0	0.0	0.0	0.0	0.0	0.0	0.0	0.0	0.0	50.0
COTE-D OR	21	EN05Nombre d'éoliennes installées dans l'année	Nombre	0.0	0.0	0.0	0.0	0.0	0.0	0.0	0.0	0.0	0.0	0.0	0.0	0.0	0.0	0.0	0.0	0.0	0.0	25.0
COTE-D OR	21	EN05Puissance installée dans l'année	MW	0.0	0.0	0.0	0.0	0.0	0.0	0.0	0.0	0.0	0.0	0.0	0.0	0.0	0.0	0.0	0.0	0.0	0.0	50.0
COTES-D ARMOR	22	EN05Nombre d'éoliennes installées depuis 1990	Nombre	0.0	0.0	0.0	0.0	0.0	0.0	0.0	0.0	0.0	0.0	0.0	0.0	8.0	8.0	19.0	39.0	74.0	79.0	110.0
COTES-D ARMOR	22	EN05Puissance installée depuis 1990	MW	0.0	0.0	0.0	0.0	0.0	0.0	0.0	0.0	0.0	0.0	0.0	0.0	6.0	6.0	19.3	55.6	97.1	101.35	138.75
COTES-D ARMOR	22	EN05Nombre d'éoliennes installées dans l'année	Nombre	0.0	0.0	0.0	0.0	0.0	0.0	0.0	0.0	0.0	0.0	0.0	0.0	8.0	0.0	11.0	20.0	35.0	5.0	31.0
COTES-D ARMOR	22	EN05Puissance installée dans l'année	MW	0.0	0.0	0.0	0.0	0.0	0.0	0.0	0.0	0.0	0.0	0.0	0.0	6.0	0.0	13.3	36.3	41.5	4.25	37.4
CREUSE	23	EN05Nombre d'éoliennes installées depuis 1990	Nombre	0.0	0.0	0.0	0.0	0.0	0.0	0.0	0.0	0.0	0.0	0.0	0.0	0.0	0.0	0.0	0.0	0.0	0.0	0.0
CREUSE	23	EN05Puissance installée depuis 1990	MW	0.0	0.0	0.0	0.0	0.0	0.0	0.0	0.0	0.0	0.0	0.0	0.0	0.0	0.0	0.0	0.0	0.0	0.0	0.0
CREUSE	23	EN05Nombre d'éoliennes installées dans l'année	Nombre	0.0	0.0	0.0	0.0	0.0	0.0	0.0	0.0	0.0	0.0	0.0	0.0	0.0	0.0	0.0	0.0	0.0	0.0	0.0
CREUSE	23	EN05Puissance installée dans l'année	MW	0.0	0.0	0.0	0.0	0.0	0.0	0.0	0.0	0.0	0.0	0.0	0.0	0.0	0.0	0.0	0.0	0.0	0.0	0.0
DEUX-SEVRES	79	EN05Nombre d'éoliennes installées depuis 1990	Nombre	0.0	0.0	0.0	0.0	0.0	0.0	0.0	0.0	0.0	0.0	0.0	0.0	0.0	0.0	0.0	0.0	0.0	9.0	15.0
DEUX-SEVRES	79	EN05Puissance installée depuis 1990	MW	0.0	0.0	0.0	0.0	0.0	0.0	0.0	0.0	0.0	0.0	0.0	0.0	0.0	0.0	0.0	0.0	0.0	18.0	30.0
DEUX-SEVRES	79	EN05Nombre d'éoliennes installées dans l'année	Nombre	0.0	0.0	0.0	0.0	0.0	0.0	0.0	0.0	0.0	0.0	0.0	0.0	0.0	0.0	0.0	0.0	0.0	9.0	6.0
DEUX-SEVRES	79	EN05Puissance installée dans l'année	MW	0.0	0.0	0.0	0.0	0.0	0.0	0.0	0.0	0.0	0.0	0.0	0.0	0.0	0.0	0.0	0.0	0.0	18.0	12.0
DORDOGNE	24	EN05Nombre d'éoliennes installées depuis 1990	Nombre	0.0	0.0	0.0	0.0	0.0	0.0	0.0	0.0	0.0	0.0	0.0	0.0	0.0	0.0	0.0	0.0	0.0	0.0	0.0
DORDOGNE	24	EN05Puissance installée depuis 1990	MW	0.0	0.0	0.0	0.0	0.0	0.0	0.0	0.0	0.0	0.0	0.0	0.0	0.0	0.0	0.0	0.0	0.0	0.0	0.0
DORDOGNE	24	EN05Nombre d'éoliennes installées dans l'année	Nombre	0.0	0.0	0.0	0.0	0.0	0.0	0.0	0.0	0.0	0.0	0.0	0.0	0.0	0.0	0.0	0.0	0.0	0.0	0.0
DORDOGNE	24	EN05Puissance installée dans l'année	MW	0.0	0.0	0.0	0.0	0.0	0.0	0.0	0.0	0.0	0.0	0.0	0.0	0.0	0.0	0.0	0.0	0.0	0.0	0.0
DOUBS	25	EN05Nombre d'éoliennes installées depuis 1990	Nombre	0.0	0.0	0.0	0.0	0.0	0.0	0.0	0.0	0.0	0.0	0.0	0.0	0.0	0.0	0.0	0.0	15.0	15.0	15.0
DOUBS	25	EN05Puissance installée depuis 1990	MW	0.0	0.0	0.0	0.0	0.0	0.0	0.0	0.0	0.0	0.0	0.0	0.0	0.0	0.0	0.0	0.0	30.0	30.0	30.0
DOUBS	25	EN05Nombre d'éoliennes installées dans l'année	Nombre	0.0	0.0	0.0	0.0	0.0	0.0	0.0	0.0	0.0	0.0	0.0	0.0	0.0	0.0	0.0	0.0	15.0	0.0	0.0
DOUBS	25	EN05Puissance installée dans l'année	MW	0.0	0.0	0.0	0.0	0.0	0.0	0.0	0.0	0.0	0.0	0.0	0.0	0.0	0.0	0.0	0.0	30.0	0.0	0.0
DROME	26	EN05Nombre d'éoliennes installées depuis 1990	Nombre	0.0	0.0	0.0	0.0	0.0	0.0	0.0	0.0	5.0	5.0	5.0	5.0	5.0	28.0	28.0	40.0	41.0	53.0	55.0
DROME	26	EN05Puissance installée depuis 1990	MW	0.0	0.0	0.0	0.0	0.0	0.0	0.0	0.0	3.0	3.0	3.0	3.0	3.0	20.3	20.3	41.3	43.6	67.6	71.6
DROME	26	EN05Nombre d'éoliennes installées dans l'année	Nombre	0.0	0.0	0.0	0.0	0.0	0.0	0.0	0.0	5.0	0.0	0.0	0.0	0.0	23.0	0.0	12.0	1.0	12.0	2.0
DROME	26	EN05Puissance installée dans l'année	MW	0.0	0.0	0.0	0.0	0.0	0.0	0.0	0.0	3.0	0.0	0.0	0.0	0.0	17.3	0.0	21.0	2.3	24.0	4.0
ESSONNE	91	EN05Nombre d'éoliennes installées depuis 1990	Nombre	0.0	0.0	0.0	0.0	0.0	0.0	0.0	0.0	0.0	0.0	0.0	0.0	0.0	0.0	0.0	0.0	0.0	0.0	0.0
ESSONNE	91	EN05Puissance installée depuis 1990	MW	0.0	0.0	0.0	0.0	0.0	0.0	0.0	0.0	0.0	0.0	0.0	0.0	0.0	0.0	0.0	0.0	0.0	0.0	0.0
ESSONNE	91	EN05Nombre d'éoliennes installées dans l'année	Nombre	0.0	0.0	0.0	0.0	0.0	0.0	0.0	0.0	0.0	0.0	0.0	0.0	0.0	0.0	0.0	0.0	0.0	0.0	0.0
ESSONNE	91	EN05Puissance installée dans l'année	MW	0.0	0.0	0.0	0.0	0.0	0.0	0.0	0.0	0.0	0.0	0.0	0.0	0.0	0.0	0.0	0.0	0.0	0.0	0.0
EURE	27	EN05Nombre d'éoliennes installées depuis 1990	Nombre	0.0	0.0	0.0	0.0	0.0	0.0	0.0	0.0	0.0	0.0	0.0	0.0	0.0	0.0	0.0	0.0	0.0	0.0	0.0
EURE	27	EN05Puissance installée depuis 1990	MW	0.0	0.0	0.0	0.0	0.0	0.0	0.0	0.0	0.0	0.0	0.0	0.0	0.0	0.0	0.0	0.0	0.0	0.0	0.0
EURE	27	EN05Nombre d'éoliennes installées dans l'année	Nombre	0.0	0.0	0.0	0.0	0.0	0.0	0.0	0.0	0.0	0.0	0.0	0.0	0.0	0.0	0.0	0.0	0.0	0.0	0.0
EURE	27	EN05Puissance installée dans l'année	MW	0.0	0.0	0.0	0.0	0.0	0.0	0.0	0.0	0.0	0.0	0.0	0.0	0.0	0.0	0.0	0.0	0.0	0.0	0.0
EURE-ET-LOIR	28	EN05Nombre d'éoliennes installées depuis 1990	Nombre	0.0	0.0	0.0	0.0	0.0	0.0	0.0	0.0	0.0	0.0	0.0	0.0	0.0	0.0	5.0	94.0	116.0	142.0	155.0
EURE-ET-LOIR	28	EN05Puissance installée depuis 1990	MW	0.0	0.0	0.0	0.0	0.0	0.0	0.0	0.0	0.0	0.0	0.0	0.0	0.0	0.0	11.5	198.0	247.2	299.2	333.6
EURE-ET-LOIR	28	EN05Nombre d'éoliennes installées dans l'année	Nombre	0.0	0.0	0.0	0.0	0.0	0.0	0.0	0.0	0.0	0.0	0.0	0.0	0.0	0.0	5.0	89.0	22.0	26.0	13.0
EURE-ET-LOIR	28	EN05Puissance installée dans l'année	MW	0.0	0.0	0.0	0.0	0.0	0.0	0.0	0.0	0.0	0.0	0.0	0.0	0.0	0.0	11.5	186.5	49.2	52.0	34.4
FINISTERE	29	EN05Nombre d'éoliennes installées depuis 1990	Nombre	0.0	0.0	0.0	0.0	0.0	0.0	0.0	0.0	0.0	17.0	17.0	25.0	25.0	45.0	62.0	62.0	89.0	103.0	114.0
FINISTERE	29	EN05Puissance installée depuis 1990	MW	0.0	0.0	0.0	0.0	0.0	0.0	0.0	0.0	0.0	12.7	12.7	16.9	16.9	36.9	61.4	61.4	106.35	126.45	145.0
FINISTERE	29	EN05Nombre d'éoliennes installées dans l'année	Nombre	0.0	0.0	0.0	0.0	0.0	0.0	0.0	0.0	0.0	17.0	0.0	8.0	0.0	20.0	17.0	0.0	27.0	14.0	11.0
FINISTERE	29	EN05Puissance installée dans l'année	MW	0.0	0.0	0.0	0.0	0.0	0.0	0.0	0.0	0.0	12.7	0.0	4.2	0.0	20.0	24.5	0.0	44.95	20.1	18.55
GARD	30	EN05Nombre d'éoliennes installées depuis 1990	Nombre	0.0	0.0	0.0	0.0	0.0	0.0	0.0	0.0	0.0	0.0	0.0	0.0	0.0	0.0	0.0	0.0	5.0	5.0	5.0
GARD	30	EN05Puissance installée depuis 1990	MW	0.0	0.0	0.0	0.0	0.0	0.0	0.0	0.0	0.0	0.0	0.0	0.0	0.0	0.0	0.0	0.0	12.0	12.0	12.0
GARD	30	EN05Nombre d'éoliennes installées dans l'année	Nombre	0.0	0.0	0.0	0.0	0.0	0.0	0.0	0.0	0.0	0.0	0.0	0.0	0.0	0.0	0.0	0.0	5.0	0.0	0.0
GARD	30	EN05Puissance installée dans l'année	MW	0.0	0.0	0.0	0.0	0.0	0.0	0.0	0.0	0.0	0.0	0.0	0.0	0.0	0.0	0.0	0.0	12.0	0.0	0.0
GERS	32	EN05Nombre d'éoliennes installées depuis 1990	Nombre	0.0	0.0	0.0	0.0	0.0	0.0	0.0	0.0	0.0	0.0	0.0	0.0	0.0	0.0	0.0	0.0	0.0	0.0	0.0
GERS	32	EN05Puissance installée depuis 1990	MW	0.0	0.0	0.0	0.0	0.0	0.0	0.0	0.0	0.0	0.0	0.0	0.0	0.0	0.0	0.0	0.0	0.0	0.0	0.0
GERS	32	EN05Nombre d'éoliennes installées dans l'année	Nombre	0.0	0.0	0.0	0.0	0.0	0.0	0.0	0.0	0.0	0.0	0.0	0.0	0.0	0.0	0.0	0.0	0.0	0.0	0.0
GERS	32	EN05Puissance installée dans l'année	MW	0.0	0.0	0.0	0.0	0.0	0.0	0.0	0.0	0.0	0.0	0.0	0.0	0.0	0.0	0.0	0.0	0.0	0.0	0.0
GIRONDE	33	EN05Nombre d'éoliennes installées depuis 1990	Nombre	0.0	0.0	0.0	0.0	0.0	0.0	0.0	0.0	0.0	0.0	0.0	0.0	0.0	0.0	0.0	0.0	0.0	0.0	0.0
GIRONDE	33	EN05Puissance installée depuis 1990	MW	0.0	0.0	0.0	0.0	0.0	0.0	0.0	0.0	0.0	0.0	0.0	0.0	0.0	0.0	0.0	0.0	0.0	0.0	0.0
GIRONDE	33	EN05Nombre d'éoliennes installées dans l'année	Nombre	0.0	0.0	0.0	0.0	0.0	0.0	0.0	0.0	0.0	0.0	0.0	0.0	0.0	0.0	0.0	0.0	0.0	0.0	0.0
GIRONDE	33	EN05Puissance installée dans l'année	MW	0.0	0.0	0.0	0.0	0.0	0.0	0.0	0.0	0.0	0.0	0.0	0.0	0.0	0.0	0.0	0.0	0.0	0.0	0.0
HAUT-RHIN	68	EN05Nombre d'éoliennes installées depuis 1990	Nombre	0.0	0.0	0.0	0.0	0.0	0.0	0.0	0.0	0.0	0.0	0.0	0.0	0.0	0.0	0.0	0.0	0.0	0.0	0.0
HAUT-RHIN	68	EN05Puissance installée depuis 1990	MW	0.0	0.0	0.0	0.0	0.0	0.0	0.0	0.0	0.0	0.0	0.0	0.0	0.0	0.0	0.0	0.0	0.0	0.0	0.0
HAUT-RHIN	68	EN05Nombre d'éoliennes installées dans l'année	Nombre	0.0	0.0	0.0	0.0	0.0	0.0	0.0	0.0	0.0	0.0	0.0	0.0	0.0	0.0	0.0	0.0	0.0	0.0	0.0
HAUT-RHIN	68	EN05Puissance installée dans l'année	MW	0.0	0.0	0.0	0.0	0.0	0.0	0.0	0.0	0.0	0.0	0.0	0.0	0.0	0.0	0.0	0.0	0.0	0.0	0.0
HAUTE-CORSE	2B	EN05Nombre d'éoliennes installées depuis 1990	Nombre	0.0	0.0	0.0	0.0	0.0	0.0	0.0	0.0	0.0	6.0	6.0	6.0	16.0	16.0	16.0	16.0	16.0	16.0	16.0
HAUTE-CORSE	2B	EN05Puissance installée depuis 1990	MW	0.0	0.0	0.0	0.0	0.0	0.0	0.0	0.0	0.0	12.0	12.0	12.0	18.0	18.0	18.0	18.0	18.0	18.0	18.0
HAUTE-CORSE	2B	EN05Nombre d'éoliennes installées dans l'année	Nombre	0.0	0.0	0.0	0.0	0.0	0.0	0.0	0.0	0.0	6.0	0.0	0.0	10.0	0.0	0.0	0.0	0.0	0.0	0.0
HAUTE-CORSE	2B	EN05Puissance installée dans l'année	MW	0.0	0.0	0.0	0.0	0.0	0.0	0.0	0.0	0.0	12.0	0.0	0.0	6.0	0.0	0.0	0.0	0.0	0.0	0.0
HAUTE-GARONNE	31	EN05Nombre d'éoliennes installées depuis 1990	Nombre	0.0	0.0	0.0	0.0	0.0	0.0	0.0	0.0	0.0	0.0	0.0	10.0	10.0	10.0	10.0	10.0	10.0	23.0	23.0
HAUTE-GARONNE	31	EN05Puissance installée depuis 1990	MW	0.0	0.0	0.0	0.0	0.0	0.0	0.0	0.0	0.0	0.0	0.0	8.0	8.0	8.0	8.0	8.0	8.0	31.0	31.0
HAUTE-GARONNE	31	EN05Nombre d'éoliennes installées dans l'année	Nombre	0.0	0.0	0.0	0.0	0.0	0.0	0.0	0.0	0.0	0.0	0.0	10.0	0.0	0.0	0.0	0.0	0.0	13.0	0.0
HAUTE-GARONNE	31	EN05Puissance installée dans l'année	MW	0.0	0.0	0.0	0.0	0.0	0.0	0.0	0.0	0.0	0.0	0.0	8.0	0.0	0.0	0.0	0.0	0.0	23.0	0.0
HAUTE-LOIRE	43	EN05Nombre d'éoliennes installées depuis 1990	Nombre	0.0	0.0	0.0	0.0	0.0	0.0	0.0	0.0	0.0	0.0	0.0	0.0	0.0	0.0	26.0	26.0	26.0	29.0	35.0
HAUTE-LOIRE	43	EN05Puissance installée depuis 1990	MW	0.0	0.0	0.0	0.0	0.0	0.0	0.0	0.0	0.0	0.0	0.0	0.0	0.0	0.0	39.0	39.0	39.0	45.0	57.0
HAUTE-LOIRE	43	EN05Nombre d'éoliennes installées dans l'année	Nombre	0.0	0.0	0.0	0.0	0.0	0.0	0.0	0.0	0.0	0.0	0.0	0.0	0.0	0.0	26.0	0.0	0.0	3.0	6.0
HAUTE-LOIRE	43	EN05Puissance installée dans l'année	MW	0.0	0.0	0.0	0.0	0.0	0.0	0.0	0.0	0.0	0.0	0.0	0.0	0.0	0.0	39.0	0.0	0.0	6.0	12.0
HAUTE-MARNE	52	EN05Nombre d'éoliennes installées depuis 1990	Nombre	0.0	0.0	0.0	0.0	0.0	0.0	0.0	0.0	0.0	0.0	0.0	0.0	0.0	0.0	0.0	0.0	27.0	33.0	47.0
HAUTE-MARNE	52	EN05Puissance installée depuis 1990	MW	0.0	0.0	0.0	0.0	0.0	0.0	0.0	0.0	0.0	0.0	0.0	0.0	0.0	0.0	0.0	0.0	54.0	66.0	90.0
HAUTE-MARNE	52	EN05Nombre d'éoliennes installées dans l'année	Nombre	0.0	0.0	0.0	0.0	0.0	0.0	0.0	0.0	0.0	0.0	0.0	0.0	0.0	0.0	0.0	0.0	27.0	6.0	14.0
HAUTE-MARNE	52	EN05Puissance installée dans l'année	MW	0.0	0.0	0.0	0.0	0.0	0.0	0.0	0.0	0.0	0.0	0.0	0.0	0.0	0.0	0.0	0.0	54.0	12.0	24.0
HAUTE-SAONE	70	EN05Nombre d'éoliennes installées depuis 1990	Nombre	0.0	0.0	0.0	0.0	0.0	0.0	0.0	0.0	0.0	0.0	0.0	0.0	0.0	0.0	0.0	0.0	0.0	0.0	0.0
HAUTE-SAONE	70	EN05Puissance installée depuis 1990	MW	0.0	0.0	0.0	0.0	0.0	0.0	0.0	0.0	0.0	0.0	0.0	0.0	0.0	0.0	0.0	0.0	0.0	0.0	0.0
HAUTE-SAONE	70	EN05Nombre d'éoliennes installées dans l'année	Nombre	0.0	0.0	0.0	0.0	0.0	0.0	0.0	0.0	0.0	0.0	0.0	0.0	0.0	0.0	0.0	0.0	0.0	0.0	0.0
HAUTE-SAONE	70	EN05Puissance installée dans l'année	MW	0.0	0.0	0.0	0.0	0.0	0.0	0.0	0.0	0.0	0.0	0.0	0.0	0.0	0.0	0.0	0.0	0.0	0.0	0.0
HAUTE-SAVOIE	74	EN05Nombre d'éoliennes installées depuis 1990	Nombre	0.0	0.0	0.0	0.0	0.0	0.0	0.0	0.0	0.0	0.0	0.0	0.0	0.0	0.0	0.0	0.0	0.0	0.0	0.0
HAUTE-SAVOIE	74	EN05Puissance installée depuis 1990	MW	0.0	0.0	0.0	0.0	0.0	0.0	0.0	0.0	0.0	0.0	0.0	0.0	0.0	0.0	0.0	0.0	0.0	0.0	0.0
HAUTE-SAVOIE	74	EN05Nombre d'éoliennes installées dans l'année	Nombre	0.0	0.0	0.0	0.0	0.0	0.0	0.0	0.0	0.0	0.0	0.0	0.0	0.0	0.0	0.0	0.0	0.0	0.0	0.0
HAUTE-SAVOIE	74	EN05Puissance installée dans l'année	MW	0.0	0.0	0.0	0.0	0.0	0.0	0.0	0.0	0.0	0.0	0.0	0.0	0.0	0.0	0.0	0.0	0.0	0.0	0.0
HAUTE-VIENNE	87	EN05Nombre d'éoliennes installées depuis 1990	Nombre	0.0	0.0	0.0	0.0	0.0	0.0	0.0	0.0	0.0	0.0	0.0	0.0	0.0	0.0	0.0	0.0	0.0	0.0	0.0
HAUTE-VIENNE	87	EN05Puissance installée depuis 1990	MW	0.0	0.0	0.0	0.0	0.0	0.0	0.0	0.0	0.0	0.0	0.0	0.0	0.0	0.0	0.0	0.0	0.0	0.0	0.0
HAUTE-VIENNE	87	EN05Nombre d'éoliennes installées dans l'année	Nombre	0.0	0.0	0.0	0.0	0.0	0.0	0.0	0.0	0.0	0.0	0.0	0.0	0.0	0.0	0.0	0.0	0.0	0.0	0.0
HAUTE-VIENNE	87	EN05Puissance installée dans l'année	MW	0.0	0.0	0.0	0.0	0.0	0.0	0.0	0.0	0.0	0.0	0.0	0.0	0.0	0.0	0.0	0.0	0.0	0.0	0.0
HAUTES-ALPES	05	EN05Nombre d'éoliennes installées depuis 1990	Nombre	0.0	0.0	0.0	0.0	0.0	0.0	0.0	0.0	0.0	0.0	0.0	0.0	0.0	0.0	0.0	0.0	0.0	0.0	0.0
HAUTES-ALPES	05	EN05Puissance installée depuis 1990	MW	0.0	0.0	0.0	0.0	0.0	0.0	0.0	0.0	0.0	0.0	0.0	0.0	0.0	0.0	0.0	0.0	0.0	0.0	0.0
HAUTES-ALPES	05	EN05Nombre d'éoliennes installées dans l'année	Nombre	0.0	0.0	0.0	0.0	0.0	0.0	0.0	0.0	0.0	0.0	0.0	0.0	0.0	0.0	0.0	0.0	0.0	0.0	0.0
HAUTES-ALPES	05	EN05Puissance installée dans l'année	MW	0.0	0.0	0.0	0.0	0.0	0.0	0.0	0.0	0.0	0.0	0.0	0.0	0.0	0.0	0.0	0.0	0.0	0.0	0.0
HAUTES-PYRENEES	65	EN05Nombre d'éoliennes installées depuis 1990	Nombre	0.0	0.0	0.0	0.0	0.0	0.0	0.0	0.0	0.0	0.0	0.0	0.0	0.0	0.0	0.0	0.0	0.0	0.0	0.0
HAUTES-PYRENEES	65	EN05Puissance installée depuis 1990	MW	0.0	0.0	0.0	0.0	0.0	0.0	0.0	0.0	0.0	0.0	0.0	0.0	0.0	0.0	0.0	0.0	0.0	0.0	0.0
HAUTES-PYRENEES	65	EN05Nombre d'éoliennes installées dans l'année	Nombre	0.0	0.0	0.0	0.0	0.0	0.0	0.0	0.0	0.0	0.0	0.0	0.0	0.0	0.0	0.0	0.0	0.0	0.0	0.0
HAUTES-PYRENEES	65	EN05Puissance installée dans l'année	MW	0.0	0.0	0.0	0.0	0.0	0.0	0.0	0.0	0.0	0.0	0.0	0.0	0.0	0.0	0.0	0.0	0.0	0.0	0.0
HAUTS-DE-SEINE	92	EN05Nombre d'éoliennes installées depuis 1990	Nombre	0.0	0.0	0.0	0.0	0.0	0.0	0.0	0.0	0.0	0.0	0.0	0.0	0.0	0.0	0.0	0.0	0.0	0.0	0.0
HAUTS-DE-SEINE	92	EN05Puissance installée depuis 1990	MW	0.0	0.0	0.0	0.0	0.0	0.0	0.0	0.0	0.0	0.0	0.0	0.0	0.0	0.0	0.0	0.0	0.0	0.0	0.0
HAUTS-DE-SEINE	92	EN05Nombre d'éoliennes installées dans l'année	Nombre	0.0	0.0	0.0	0.0	0.0	0.0	0.0	0.0	0.0	0.0	0.0	0.0	0.0	0.0	0.0	0.0	0.0	0.0	0.0
HAUTS-DE-SEINE	92	EN05Puissance installée dans l'année	MW	0.0	0.0	0.0	0.0	0.0	0.0	0.0	0.0	0.0	0.0	0.0	0.0	0.0	0.0	0.0	0.0	0.0	0.0	0.0
HERAULT	34	EN05Nombre d'éoliennes installées depuis 1990	Nombre	0.0	0.0	0.0	0.0	0.0	0.0	0.0	0.0	0.0	0.0	0.0	0.0	0.0	13.0	24.0	54.0	54.0	54.0	73.0
HERAULT	34	EN05Puissance installée depuis 1990	MW	0.0	0.0	0.0	0.0	0.0	0.0	0.0	0.0	0.0	0.0	0.0	0.0	0.0	11.7	33.7	75.6	75.6	75.6	115.4
HERAULT	34	EN05Nombre d'éoliennes installées dans l'année	Nombre	0.0	0.0	0.0	0.0	0.0	0.0	0.0	0.0	0.0	0.0	0.0	0.0	0.0	13.0	11.0	30.0	0.0	0.0	19.0
HERAULT	34	EN05Puissance installée dans l'année	MW	0.0	0.0	0.0	0.0	0.0	0.0	0.0	0.0	0.0	0.0	0.0	0.0	0.0	11.7	22.0	41.9	0.0	0.0	39.8
ILLE-ET-VILAINE	35	EN05Nombre d'éoliennes installées depuis 1990	Nombre	0.0	0.0	0.0	0.0	0.0	0.0	0.0	0.0	0.0	0.0	0.0	0.0	0.0	0.0	1.0	2.0	9.0	25.0	29.0
ILLE-ET-VILAINE	35	EN05Puissance installée depuis 1990	MW	0.0	0.0	0.0	0.0	0.0	0.0	0.0	0.0	0.0	0.0	0.0	0.0	0.0	0.0	1.3	3.3	15.7	43.7	51.7
ILLE-ET-VILAINE	35	EN05Nombre d'éoliennes installées dans l'année	Nombre	0.0	0.0	0.0	0.0	0.0	0.0	0.0	0.0	0.0	0.0	0.0	0.0	0.0	0.0	1.0	1.0	7.0	16.0	4.0
ILLE-ET-VILAINE	35	EN05Puissance installée dans l'année	MW	0.0	0.0	0.0	0.0	0.0	0.0	0.0	0.0	0.0	0.0	0.0	0.0	0.0	0.0	1.3	2.0	12.4	28.0	8.0
INDRE	36	EN05Nombre d'éoliennes installées depuis 1990	Nombre	0.0	0.0	0.0	0.0	0.0	0.0	0.0	0.0	0.0	0.0	0.0	0.0	0.0	0.0	0.0	0.0	0.0	0.0	15.0
INDRE	36	EN05Puissance installée depuis 1990	MW	0.0	0.0	0.0	0.0	0.0	0.0	0.0	0.0	0.0	0.0	0.0	0.0	0.0	0.0	0.0	0.0	0.0	0.0	34.0
INDRE	36	EN05Nombre d'éoliennes installées dans l'année	Nombre	0.0	0.0	0.0	0.0	0.0	0.0	0.0	0.0	0.0	0.0	0.0	0.0	0.0	0.0	0.0	0.0	0.0	0.0	15.0
INDRE	36	EN05Puissance installée dans l'année	MW	0.0	0.0	0.0	0.0	0.0	0.0	0.0	0.0	0.0	0.0	0.0	0.0	0.0	0.0	0.0	0.0	0.0	0.0	34.0
INDRE-ET-LOIRE	37	EN05Nombre d'éoliennes installées depuis 1990	Nombre	0.0	0.0	0.0	0.0	0.0	0.0	0.0	0.0	0.0	0.0	0.0	0.0	0.0	0.0	0.0	0.0	0.0	0.0	0.0
INDRE-ET-LOIRE	37	EN05Puissance installée depuis 1990	MW	0.0	0.0	0.0	0.0	0.0	0.0	0.0	0.0	0.0	0.0	0.0	0.0	0.0	0.0	0.0	0.0	0.0	0.0	0.0
INDRE-ET-LOIRE	37	EN05Nombre d'éoliennes installées dans l'année	Nombre	0.0	0.0	0.0	0.0	0.0	0.0	0.0	0.0	0.0	0.0	0.0	0.0	0.0	0.0	0.0	0.0	0.0	0.0	0.0
INDRE-ET-LOIRE	37	EN05Puissance installée dans l'année	MW	0.0	0.0	0.0	0.0	0.0	0.0	0.0	0.0	0.0	0.0	0.0	0.0	0.0	0.0	0.0	0.0	0.0	0.0	0.0
ISERE	38	EN05Nombre d'éoliennes installées depuis 1990	Nombre	0.0	0.0	0.0	0.0	0.0	0.0	0.0	0.0	0.0	0.0	0.0	0.0	0.0	0.0	0.0	0.0	0.0	0.0	0.0
ISERE	38	EN05Puissance installée depuis 1990	MW	0.0	0.0	0.0	0.0	0.0	0.0	0.0	0.0	0.0	0.0	0.0	0.0	0.0	0.0	0.0	0.0	0.0	0.0	0.0
ISERE	38	EN05Nombre d'éoliennes installées dans l'année	Nombre	0.0	0.0	0.0	0.0	0.0	0.0	0.0	0.0	0.0	0.0	0.0	0.0	0.0	0.0	0.0	0.0	0.0	0.0	0.0
ISERE	38	EN05Puissance installée dans l'année	MW	0.0	0.0	0.0	0.0	0.0	0.0	0.0	0.0	0.0	0.0	0.0	0.0	0.0	0.0	0.0	0.0	0.0	0.0	0.0
JURA	39	EN05Nombre d'éoliennes installées depuis 1990	Nombre	0.0	0.0	0.0	0.0	0.0	0.0	0.0	0.0	0.0	0.0	0.0	0.0	0.0	0.0	0.0	0.0	0.0	0.0	0.0
JURA	39	EN05Puissance installée depuis 1990	MW	0.0	0.0	0.0	0.0	0.0	0.0	0.0	0.0	0.0	0.0	0.0	0.0	0.0	0.0	0.0	0.0	0.0	0.0	0.0
JURA	39	EN05Nombre d'éoliennes installées dans l'année	Nombre	0.0	0.0	0.0	0.0	0.0	0.0	0.0	0.0	0.0	0.0	0.0	0.0	0.0	0.0	0.0	0.0	0.0	0.0	0.0
JURA	39	EN05Puissance installée dans l'année	MW	0.0	0.0	0.0	0.0	0.0	0.0	0.0	0.0	0.0	0.0	0.0	0.0	0.0	0.0	0.0	0.0	0.0	0.0	0.0
LANDES	40	EN05Nombre d'éoliennes installées depuis 1990	Nombre	0.0	0.0	0.0	0.0	0.0	0.0	0.0	0.0	0.0	0.0	0.0	0.0	0.0	0.0	0.0	0.0	0.0	0.0	0.0
LANDES	40	EN05Puissance installée depuis 1990	MW	0.0	0.0	0.0	0.0	0.0	0.0	0.0	0.0	0.0	0.0	0.0	0.0	0.0	0.0	0.0	0.0	0.0	0.0	0.0
LANDES	40	EN05Nombre d'éoliennes installées dans l'année	Nombre	0.0	0.0	0.0	0.0	0.0	0.0	0.0	0.0	0.0	0.0	0.0	0.0	0.0	0.0	0.0	0.0	0.0	0.0	0.0
LANDES	40	EN05Puissance installée dans l'année	MW	0.0	0.0	0.0	0.0	0.0	0.0	0.0	0.0	0.0	0.0	0.0	0.0	0.0	0.0	0.0	0.0	0.0	0.0	0.0
LOIR-ET-CHER	41	EN05Nombre d'éoliennes installées depuis 1990	Nombre	0.0	0.0	0.0	0.0	0.0	0.0	0.0	0.0	0.0	0.0	0.0	0.0	0.0	0.0	0.0	10.0	19.0	19.0	19.0
LOIR-ET-CHER	41	EN05Puissance installée depuis 1990	MW	0.0	0.0	0.0	0.0	0.0	0.0	0.0	0.0	0.0	0.0	0.0	0.0	0.0	0.0	0.0	23.0	42.5	42.5	42.5
LOIR-ET-CHER	41	EN05Nombre d'éoliennes installées dans l'année	Nombre	0.0	0.0	0.0	0.0	0.0	0.0	0.0	0.0	0.0	0.0	0.0	0.0	0.0	0.0	0.0	10.0	9.0	0.0	0.0
LOIR-ET-CHER	41	EN05Puissance installée dans l'année	MW	0.0	0.0	0.0	0.0	0.0	0.0	0.0	0.0	0.0	0.0	0.0	0.0	0.0	0.0	0.0	23.0	19.5	0.0	0.0
LOIRE	42	EN05Nombre d'éoliennes installées depuis 1990	Nombre	0.0	0.0	0.0	0.0	0.0	0.0	0.0	0.0	0.0	0.0	0.0	0.0	0.0	0.0	0.0	0.0	0.0	0.0	0.0
LOIRE	42	EN05Puissance installée depuis 1990	MW	0.0	0.0	0.0	0.0	0.0	0.0	0.0	0.0	0.0	0.0	0.0	0.0	0.0	0.0	0.0	0.0	0.0	0.0	0.0
LOIRE	42	EN05Nombre d'éoliennes installées dans l'année	Nombre	0.0	0.0	0.0	0.0	0.0	0.0	0.0	0.0	0.0	0.0	0.0	0.0	0.0	0.0	0.0	0.0	0.0	0.0	0.0
LOIRE	42	EN05Puissance installée dans l'année	MW	0.0	0.0	0.0	0.0	0.0	0.0	0.0	0.0	0.0	0.0	0.0	0.0	0.0	0.0	0.0	0.0	0.0	0.0	0.0
LOIRE-ATLANTIQUE	44	EN05Nombre d'éoliennes installées depuis 1990	Nombre	0.0	0.0	0.0	0.0	0.0	0.0	0.0	0.0	0.0	0.0	0.0	0.0	0.0	0.0	0.0	3.0	20.0	20.0	40.0
LOIRE-ATLANTIQUE	44	EN05Puissance installée depuis 1990	MW	0.0	0.0	0.0	0.0	0.0	0.0	0.0	0.0	0.0	0.0	0.0	0.0	0.0	0.0	0.0	6.9	34.4	34.4	76.4
LOIRE-ATLANTIQUE	44	EN05Nombre d'éoliennes installées dans l'année	Nombre	0.0	0.0	0.0	0.0	0.0	0.0	0.0	0.0	0.0	0.0	0.0	0.0	0.0	0.0	0.0	3.0	17.0	0.0	20.0
LOIRE-ATLANTIQUE	44	EN05Puissance installée dans l'année	MW	0.0	0.0	0.0	0.0	0.0	0.0	0.0	0.0	0.0	0.0	0.0	0.0	0.0	0.0	0.0	6.9	27.5	0.0	42.0
LOIRET	45	EN05Nombre d'éoliennes installées depuis 1990	Nombre	0.0	0.0	0.0	0.0	0.0	0.0	0.0	0.0	0.0	0.0	0.0	0.0	0.0	0.0	0.0	10.0	26.0	33.0	33.0
LOIRET	45	EN05Puissance installée depuis 1990	MW	0.0	0.0	0.0	0.0	0.0	0.0	0.0	0.0	0.0	0.0	0.0	0.0	0.0	0.0	0.0	23.0	56.5	69.5	69.5
LOIRET	45	EN05Nombre d'éoliennes installées dans l'année	Nombre	0.0	0.0	0.0	0.0	0.0	0.0	0.0	0.0	0.0	0.0	0.0	0.0	0.0	0.0	0.0	10.0	16.0	7.0	0.0
LOIRET	45	EN05Puissance installée dans l'année	MW	0.0	0.0	0.0	0.0	0.0	0.0	0.0	0.0	0.0	0.0	0.0	0.0	0.0	0.0	0.0	23.0	33.5	13.0	0.0
LOT	46	EN05Nombre d'éoliennes installées depuis 1990	Nombre	0.0	0.0	0.0	0.0	0.0	0.0	0.0	0.0	0.0	0.0	0.0	0.0	0.0	0.0	0.0	0.0	0.0	0.0	0.0
LOT	46	EN05Puissance installée depuis 1990	MW	0.0	0.0	0.0	0.0	0.0	0.0	0.0	0.0	0.0	0.0	0.0	0.0	0.0	0.0	0.0	0.0	0.0	0.0	0.0
LOT	46	EN05Nombre d'éoliennes installées dans l'année	Nombre	0.0	0.0	0.0	0.0	0.0	0.0	0.0	0.0	0.0	0.0	0.0	0.0	0.0	0.0	0.0	0.0	0.0	0.0	0.0
LOT	46	EN05Puissance installée dans l'année	MW	0.0	0.0	0.0	0.0	0.0	0.0	0.0	0.0	0.0	0.0	0.0	0.0	0.0	0.0	0.0	0.0	0.0	0.0	0.0
LOT-ET-GARONNE	47	EN05Nombre d'éoliennes installées depuis 1990	Nombre	0.0	0.0	0.0	0.0	0.0	0.0	0.0	0.0	0.0	0.0	0.0	0.0	0.0	0.0	0.0	0.0	0.0	0.0	0.0
LOT-ET-GARONNE	47	EN05Puissance installée depuis 1990	MW	0.0	0.0	0.0	0.0	0.0	0.0	0.0	0.0	0.0	0.0	0.0	0.0	0.0	0.0	0.0	0.0	0.0	0.0	0.0
LOT-ET-GARONNE	47	EN05Nombre d'éoliennes installées dans l'année	Nombre	0.0	0.0	0.0	0.0	0.0	0.0	0.0	0.0	0.0	0.0	0.0	0.0	0.0	0.0	0.0	0.0	0.0	0.0	0.0
LOT-ET-GARONNE	47	EN05Puissance installée dans l'année	MW	0.0	0.0	0.0	0.0	0.0	0.0	0.0	0.0	0.0	0.0	0.0	0.0	0.0	0.0	0.0	0.0	0.0	0.0	0.0
LOZERE	48	EN05Nombre d'éoliennes installées depuis 1990	Nombre	0.0	0.0	0.0	0.0	0.0	0.0	0.0	0.0	0.0	0.0	0.0	0.0	0.0	0.0	2.0	9.0	9.0	13.0	13.0
LOZERE	48	EN05Puissance installée depuis 1990	MW	0.0	0.0	0.0	0.0	0.0	0.0	0.0	0.0	0.0	0.0	0.0	0.0	0.0	0.0	1.7	15.7	15.7	22.38	22.38
LOZERE	48	EN05Nombre d'éoliennes installées dans l'année	Nombre	0.0	0.0	0.0	0.0	0.0	0.0	0.0	0.0	0.0	0.0	0.0	0.0	0.0	0.0	2.0	7.0	0.0	4.0	0.0
LOZERE	48	EN05Puissance installée dans l'année	MW	0.0	0.0	0.0	0.0	0.0	0.0	0.0	0.0	0.0	0.0	0.0	0.0	0.0	0.0	1.7	14.0	0.0	6.68	0.0
MAINE-ET-LOIRE	49	EN05Nombre d'éoliennes installées depuis 1990	Nombre	0.0	0.0	0.0	0.0	0.0	0.0	0.0	0.0	0.0	0.0	0.0	0.0	0.0	0.0	0.0	0.0	4.0	4.0	12.0
MAINE-ET-LOIRE	49	EN05Puissance installée depuis 1990	MW	0.0	0.0	0.0	0.0	0.0	0.0	0.0	0.0	0.0	0.0	0.0	0.0	0.0	0.0	0.0	0.0	9.2	9.2	29.2
MAINE-ET-LOIRE	49	EN05Nombre d'éoliennes installées dans l'année	Nombre	0.0	0.0	0.0	0.0	0.0	0.0	0.0	0.0	0.0	0.0	0.0	0.0	0.0	0.0	0.0	0.0	4.0	0.0	8.0
MAINE-ET-LOIRE	49	EN05Puissance installée dans l'année	MW	0.0	0.0	0.0	0.0	0.0	0.0	0.0	0.0	0.0	0.0	0.0	0.0	0.0	0.0	0.0	0.0	9.2	0.0	20.0
MANCHE	50	EN05Nombre d'éoliennes installées depuis 1990	Nombre	0.0	0.0	0.0	0.0	0.0	0.0	0.0	0.0	0.0	0.0	0.0	0.0	0.0	5.0	15.0	15.0	15.0	19.0	28.0
MANCHE	50	EN05Puissance installée depuis 1990	MW	0.0	0.0	0.0	0.0	0.0	0.0	0.0	0.0	0.0	0.0	0.0	0.0	0.0	7.5	20.8	20.8	20.8	28.8	48.0
MANCHE	50	EN05Nombre d'éoliennes installées dans l'année	Nombre	0.0	0.0	0.0	0.0	0.0	0.0	0.0	0.0	0.0	0.0	0.0	0.0	0.0	5.0	10.0	0.0	0.0	4.0	9.0
MANCHE	50	EN05Puissance installée dans l'année	MW	0.0	0.0	0.0	0.0	0.0	0.0	0.0	0.0	0.0	0.0	0.0	0.0	0.0	7.5	13.3	0.0	0.0	8.0	19.2
MARNE	51	EN05Nombre d'éoliennes installées depuis 1990	Nombre	0.0	0.0	0.0	0.0	0.0	0.0	0.0	0.0	0.0	0.0	0.0	1.0	1.0	1.0	47.0	53.0	72.0	93.0	93.0
MARNE	51	EN05Puissance installée depuis 1990	MW	0.0	0.0	0.0	0.0	0.0	0.0	0.0	0.0	0.0	0.0	0.0	1.5	1.5	1.5	45.25	57.25	80.75	118.25	118.25
MARNE	51	EN05Nombre d'éoliennes installées dans l'année	Nombre	0.0	0.0	0.0	0.0	0.0	0.0	0.0	0.0	0.0	0.0	0.0	1.0	0.0	0.0	46.0	6.0	19.0	21.0	0.0
MARNE	51	EN05Puissance installée dans l'année	MW	0.0	0.0	0.0	0.0	0.0	0.0	0.0	0.0	0.0	0.0	0.0	1.5	0.0	0.0	43.75	12.0	23.5	37.5	0.0
MAYENNE	53	EN05Nombre d'éoliennes installées depuis 1990	Nombre	0.0	0.0	0.0	0.0	0.0	0.0	0.0	0.0	0.0	0.0	0.0	0.0	0.0	0.0	0.0	0.0	0.0	0.0	22.0
MAYENNE	53	EN05Puissance installée depuis 1990	MW	0.0	0.0	0.0	0.0	0.0	0.0	0.0	0.0	0.0	0.0	0.0	0.0	0.0	0.0	0.0	0.0	0.0	0.0	45.8
MAYENNE	53	EN05Nombre d'éoliennes installées dans l'année	Nombre	0.0	0.0	0.0	0.0	0.0	0.0	0.0	0.0	0.0	0.0	0.0	0.0	0.0	0.0	0.0	0.0	0.0	0.0	22.0
MAYENNE	53	EN05Puissance installée dans l'année	MW	0.0	0.0	0.0	0.0	0.0	0.0	0.0	0.0	0.0	0.0	0.0	0.0	0.0	0.0	0.0	0.0	0.0	0.0	45.8
MEURTHE-ET-MOSELLE	54	EN05Nombre d'éoliennes installées depuis 1990	Nombre	0.0	0.0	0.0	0.0	0.0	0.0	0.0	0.0	0.0	0.0	0.0	0.0	0.0	0.0	9.0	9.0	9.0	31.0	31.0
MEURTHE-ET-MOSELLE	54	EN05Puissance installée depuis 1990	MW	0.0	0.0	0.0	0.0	0.0	0.0	0.0	0.0	0.0	0.0	0.0	0.0	0.0	0.0	22.0	22.0	22.0	67.3	67.3
MEURTHE-ET-MOSELLE	54	EN05Nombre d'éoliennes installées dans l'année	Nombre	0.0	0.0	0.0	0.0	0.0	0.0	0.0	0.0	0.0	0.0	0.0	0.0	0.0	0.0	9.0	0.0	0.0	22.0	0.0
MEURTHE-ET-MOSELLE	54	EN05Puissance installée dans l'année	MW	0.0	0.0	0.0	0.0	0.0	0.0	0.0	0.0	0.0	0.0	0.0	0.0	0.0	0.0	22.0	0.0	0.0	45.3	0.0
MEUSE	55	EN05Nombre d'éoliennes installées depuis 1990	Nombre	0.0	0.0	0.0	0.0	0.0	0.0	0.0	0.0	0.0	0.0	0.0	0.0	0.0	0.0	12.0	28.0	77.0	104.0	113.0
MEUSE	55	EN05Puissance installée depuis 1990	MW	0.0	0.0	0.0	0.0	0.0	0.0	0.0	0.0	0.0	0.0	0.0	0.0	0.0	0.0	24.0	56.0	154.7	211.1	229.1
MEUSE	55	EN05Nombre d'éoliennes installées dans l'année	Nombre	0.0	0.0	0.0	0.0	0.0	0.0	0.0	0.0	0.0	0.0	0.0	0.0	0.0	0.0	12.0	16.0	49.0	27.0	9.0
MEUSE	55	EN05Puissance installée dans l'année	MW	0.0	0.0	0.0	0.0	0.0	0.0	0.0	0.0	0.0	0.0	0.0	0.0	0.0	0.0	24.0	32.0	98.7	56.4	18.0
MORBIHAN	56	EN05Nombre d'éoliennes installées depuis 1990	Nombre	0.0	0.0	0.0	0.0	0.0	0.0	0.0	0.0	0.0	0.0	0.0	0.0	0.0	2.0	8.0	35.0	38.0	56.0	79.0
MORBIHAN	56	EN05Puissance installée depuis 1990	MW	0.0	0.0	0.0	0.0	0.0	0.0	0.0	0.0	0.0	0.0	0.0	0.0	0.0	1.8	10.8	54.8	57.8	93.8	131.4
MORBIHAN	56	EN05Nombre d'éoliennes installées dans l'année	Nombre	0.0	0.0	0.0	0.0	0.0	0.0	0.0	0.0	0.0	0.0	0.0	0.0	0.0	2.0	6.0	27.0	3.0	18.0	23.0
MORBIHAN	56	EN05Puissance installée dans l'année	MW	0.0	0.0	0.0	0.0	0.0	0.0	0.0	0.0	0.0	0.0	0.0	0.0	0.0	1.8	9.0	44.0	3.0	36.0	37.6
MOSELLE	57	EN05Nombre d'éoliennes installées depuis 1990	Nombre	0.0	0.0	0.0	0.0	0.0	0.0	0.0	0.0	0.0	0.0	0.0	0.0	0.0	0.0	9.0	14.0	28.0	51.0	61.0
MOSELLE	57	EN05Puissance installée depuis 1990	MW	0.0	0.0	0.0	0.0	0.0	0.0	0.0	0.0	0.0	0.0	0.0	0.0	0.0	0.0	19.0	30.5	62.5	112.2	133.7
MOSELLE	57	EN05Nombre d'éoliennes installées dans l'année	Nombre	0.0	0.0	0.0	0.0	0.0	0.0	0.0	0.0	0.0	0.0	0.0	0.0	0.0	0.0	9.0	5.0	14.0	23.0	10.0
MOSELLE	57	EN05Puissance installée dans l'année	MW	0.0	0.0	0.0	0.0	0.0	0.0	0.0	0.0	0.0	0.0	0.0	0.0	0.0	0.0	19.0	11.5	32.0	49.7	21.5
NIEVRE	58	EN05Nombre d'éoliennes installées depuis 1990	Nombre	0.0	0.0	0.0	0.0	0.0	0.0	0.0	0.0	0.0	0.0	0.0	0.0	0.0	0.0	0.0	0.0	0.0	0.0	0.0
NIEVRE	58	EN05Puissance installée depuis 1990	MW	0.0	0.0	0.0	0.0	0.0	0.0	0.0	0.0	0.0	0.0	0.0	0.0	0.0	0.0	0.0	0.0	0.0	0.0	0.0
NIEVRE	58	EN05Nombre d'éoliennes installées dans l'année	Nombre	0.0	0.0	0.0	0.0	0.0	0.0	0.0	0.0	0.0	0.0	0.0	0.0	0.0	0.0	0.0	0.0	0.0	0.0	0.0
NIEVRE	58	EN05Puissance installée dans l'année	MW	0.0	0.0	0.0	0.0	0.0	0.0	0.0	0.0	0.0	0.0	0.0	0.0	0.0	0.0	0.0	0.0	0.0	0.0	0.0
NORD	59	EN05Nombre d'éoliennes installées depuis 1990	Nombre	0.0	0.0	2.0	2.0	2.0	2.0	3.0	3.0	3.0	4.0	4.0	4.0	15.0	15.0	15.0	15.0	15.0	15.0	15.0
NORD	59	EN05Puissance installée depuis 1990	MW	0.0	0.0	0.3	0.3	0.3	0.3	0.7	0.7	0.7	0.8	0.8	0.8	12.8	12.8	12.8	12.8	12.8	12.8	12.8
NORD	59	EN05Nombre d'éoliennes installées dans l'année	Nombre	0.0	0.0	2.0	0.0	0.0	0.0	1.0	0.0	0.0	1.0	0.0	0.0	11.0	0.0	0.0	0.0	0.0	0.0	0.0
NORD	59	EN05Puissance installée dans l'année	MW	0.0	0.0	0.3	0.0	0.0	0.0	0.4	0.0	0.0	0.1	0.0	0.0	12.0	0.0	0.0	0.0	0.0	0.0	0.0
OISE	60	EN05Nombre d'éoliennes installées depuis 1990	Nombre	0.0	0.0	0.0	0.0	0.0	0.0	0.0	0.0	0.0	0.0	0.0	0.0	0.0	0.0	0.0	20.0	25.0	35.0	54.0
OISE	60	EN05Puissance installée depuis 1990	MW	0.0	0.0	0.0	0.0	0.0	0.0	0.0	0.0	0.0	0.0	0.0	0.0	0.0	0.0	0.0	46.0	57.5	81.0	121.0
OISE	60	EN05Nombre d'éoliennes installées dans l'année	Nombre	0.0	0.0	0.0	0.0	0.0	0.0	0.0	0.0	0.0	0.0	0.0	0.0	0.0	0.0	0.0	20.0	5.0	10.0	19.0
OISE	60	EN05Puissance installée dans l'année	MW	0.0	0.0	0.0	0.0	0.0	0.0	0.0	0.0	0.0	0.0	0.0	0.0	0.0	0.0	0.0	46.0	11.5	23.5	40.0
ORNE	61	EN05Nombre d'éoliennes installées depuis 1990	Nombre	0.0	0.0	0.0	0.0	0.0	0.0	0.0	0.0	0.0	0.0	0.0	0.0	0.0	0.0	0.0	0.0	0.0	0.0	2.0
ORNE	61	EN05Puissance installée depuis 1990	MW	0.0	0.0	0.0	0.0	0.0	0.0	0.0	0.0	0.0	0.0	0.0	0.0	0.0	0.0	0.0	0.0	0.0	0.0	2.4
ORNE	61	EN05Nombre d'éoliennes installées dans l'année	Nombre	0.0	0.0	0.0	0.0	0.0	0.0	0.0	0.0	0.0	0.0	0.0	0.0	0.0	0.0	0.0	0.0	0.0	0.0	2.0
ORNE	61	EN05Puissance installée dans l'année	MW	0.0	0.0	0.0	0.0	0.0	0.0	0.0	0.0	0.0	0.0	0.0	0.0	0.0	0.0	0.0	0.0	0.0	0.0	2.4
PARIS	75	EN05Nombre d'éoliennes installées depuis 1990	Nombre	0.0	0.0	0.0	0.0	0.0	0.0	0.0	0.0	0.0	0.0	0.0	0.0	0.0	0.0	0.0	0.0	0.0	0.0	0.0
PARIS	75	EN05Puissance installée depuis 1990	MW	0.0	0.0	0.0	0.0	0.0	0.0	0.0	0.0	0.0	0.0	0.0	0.0	0.0	0.0	0.0	0.0	0.0	0.0	0.0
PARIS	75	EN05Nombre d'éoliennes installées dans l'année	Nombre	0.0	0.0	0.0	0.0	0.0	0.0	0.0	0.0	0.0	0.0	0.0	0.0	0.0	0.0	0.0	0.0	0.0	0.0	0.0
PARIS	75	EN05Puissance installée dans l'année	MW	0.0	0.0	0.0	0.0	0.0	0.0	0.0	0.0	0.0	0.0	0.0	0.0	0.0	0.0	0.0	0.0	0.0	0.0	0.0
PAS-DE-CALAIS	62	EN05Nombre d'éoliennes installées depuis 1990	Nombre	0.0	0.0	0.0	0.0	0.0	0.0	0.0	0.0	0.0	0.0	6.0	10.0	10.0	35.0	37.0	43.0	130.0	140.0	168.0
PAS-DE-CALAIS	62	EN05Puissance installée depuis 1990	MW	0.0	0.0	0.0	0.0	0.0	0.0	0.0	0.0	0.0	0.0	4.5	7.5	7.5	45.0	49.0	58.0	224.1	244.1	306.1
PAS-DE-CALAIS	62	EN05Nombre d'éoliennes installées dans l'année	Nombre	0.0	0.0	0.0	0.0	0.0	0.0	0.0	0.0	0.0	0.0	6.0	4.0	0.0	25.0	2.0	6.0	87.0	10.0	28.0
PAS-DE-CALAIS	62	EN05Puissance installée dans l'année	MW	0.0	0.0	0.0	0.0	0.0	0.0	0.0	0.0	0.0	0.0	4.5	3.0	0.0	37.5	4.0	9.0	166.1	20.0	62.0
PUY-DE-DOME	63	EN05Nombre d'éoliennes installées depuis 1990	Nombre	0.0	0.0	0.0	0.0	0.0	0.0	0.0	0.0	0.0	0.0	0.0	0.0	0.0	0.0	0.0	0.0	0.0	1.0	27.0
PUY-DE-DOME	63	EN05Puissance installée depuis 1990	MW	0.0	0.0	0.0	0.0	0.0	0.0	0.0	0.0	0.0	0.0	0.0	0.0	0.0	0.0	0.0	0.0	0.0	1.2	22.0
PUY-DE-DOME	63	EN05Nombre d'éoliennes installées dans l'année	Nombre	0.0	0.0	0.0	0.0	0.0	0.0	0.0	0.0	0.0	0.0	0.0	0.0	0.0	0.0	0.0	0.0	0.0	1.0	26.0
PUY-DE-DOME	63	EN05Puissance installée dans l'année	MW	0.0	0.0	0.0	0.0	0.0	0.0	0.0	0.0	0.0	0.0	0.0	0.0	0.0	0.0	0.0	0.0	0.0	1.2	20.8
PYRENEES-ATLANTIQUES	64	EN05Nombre d'éoliennes installées depuis 1990	Nombre	0.0	0.0	0.0	0.0	0.0	0.0	0.0	0.0	0.0	0.0	0.0	0.0	0.0	0.0	0.0	0.0	0.0	0.0	0.0
PYRENEES-ATLANTIQUES	64	EN05Puissance installée depuis 1990	MW	0.0	0.0	0.0	0.0	0.0	0.0	0.0	0.0	0.0	0.0	0.0	0.0	0.0	0.0	0.0	0.0	0.0	0.0	0.0
PYRENEES-ATLANTIQUES	64	EN05Nombre d'éoliennes installées dans l'année	Nombre	0.0	0.0	0.0	0.0	0.0	0.0	0.0	0.0	0.0	0.0	0.0	0.0	0.0	0.0	0.0	0.0	0.0	0.0	0.0
PYRENEES-ATLANTIQUES	64	EN05Puissance installée dans l'année	MW	0.0	0.0	0.0	0.0	0.0	0.0	0.0	0.0	0.0	0.0	0.0	0.0	0.0	0.0	0.0	0.0	0.0	0.0	0.0
PYRENEES-ORIENTALES	66	EN05Nombre d'éoliennes installées depuis 1990	Nombre	0.0	0.0	0.0	0.0	0.0	0.0	0.0	0.0	0.0	0.0	0.0	0.0	14.0	14.0	15.0	15.0	15.0	15.0	15.0
PYRENEES-ORIENTALES	66	EN05Puissance installée depuis 1990	MW	0.0	0.0	0.0	0.0	0.0	0.0	0.0	0.0	0.0	0.0	0.0	0.0	18.1	18.1	19.8	19.8	19.8	19.8	19.8
PYRENEES-ORIENTALES	66	EN05Nombre d'éoliennes installées dans l'année	Nombre	0.0	0.0	0.0	0.0	0.0	0.0	0.0	0.0	0.0	0.0	0.0	0.0	14.0	0.0	1.0	0.0	0.0	0.0	0.0
PYRENEES-ORIENTALES	66	EN05Puissance installée dans l'année	MW	0.0	0.0	0.0	0.0	0.0	0.0	0.0	0.0	0.0	0.0	0.0	0.0	18.1	0.0	1.7	0.0	0.0	0.0	0.0
RHONE	69	EN05Nombre d'éoliennes installées depuis 1990	Nombre	0.0	0.0	0.0	0.0	0.0	0.0	0.0	0.0	0.0	0.0	0.0	0.0	0.0	0.0	0.0	0.0	0.0	0.0	0.0
RHONE	69	EN05Puissance installée depuis 1990	MW	0.0	0.0	0.0	0.0	0.0	0.0	0.0	0.0	0.0	0.0	0.0	0.0	0.0	0.0	0.0	0.0	0.0	0.0	0.0
RHONE	69	EN05Nombre d'éoliennes installées dans l'année	Nombre	0.0	0.0	0.0	0.0	0.0	0.0	0.0	0.0	0.0	0.0	0.0	0.0	0.0	0.0	0.0	0.0	0.0	0.0	0.0
RHONE	69	EN05Puissance installée dans l'année	MW	0.0	0.0	0.0	0.0	0.0	0.0	0.0	0.0	0.0	0.0	0.0	0.0	0.0	0.0	0.0	0.0	0.0	0.0	0.0
SAONE-ET-LOIRE	71	EN05Nombre d'éoliennes installées depuis 1990	Nombre	0.0	0.0	0.0	0.0	0.0	0.0	0.0	0.0	0.0	0.0	0.0	0.0	0.0	0.0	0.0	0.0	0.0	0.0	0.0
SAONE-ET-LOIRE	71	EN05Puissance installée depuis 1990	MW	0.0	0.0	0.0	0.0	0.0	0.0	0.0	0.0	0.0	0.0	0.0	0.0	0.0	0.0	0.0	0.0	0.0	0.0	0.0
SAONE-ET-LOIRE	71	EN05Nombre d'éoliennes installées dans l'année	Nombre	0.0	0.0	0.0	0.0	0.0	0.0	0.0	0.0	0.0	0.0	0.0	0.0	0.0	0.0	0.0	0.0	0.0	0.0	0.0
SAONE-ET-LOIRE	71	EN05Puissance installée dans l'année	MW	0.0	0.0	0.0	0.0	0.0	0.0	0.0	0.0	0.0	0.0	0.0	0.0	0.0	0.0	0.0	0.0	0.0	0.0	0.0
SARTHE	72	EN05Nombre d'éoliennes installées depuis 1990	Nombre	0.0	0.0	0.0	0.0	0.0	0.0	0.0	0.0	0.0	0.0	0.0	0.0	0.0	0.0	0.0	0.0	0.0	0.0	0.0
SARTHE	72	EN05Puissance installée depuis 1990	MW	0.0	0.0	0.0	0.0	0.0	0.0	0.0	0.0	0.0	0.0	0.0	0.0	0.0	0.0	0.0	0.0	0.0	0.0	0.0
SARTHE	72	EN05Nombre d'éoliennes installées dans l'année	Nombre	0.0	0.0	0.0	0.0	0.0	0.0	0.0	0.0	0.0	0.0	0.0	0.0	0.0	0.0	0.0	0.0	0.0	0.0	0.0
SARTHE	72	EN05Puissance installée dans l'année	MW	0.0	0.0	0.0	0.0	0.0	0.0	0.0	0.0	0.0	0.0	0.0	0.0	0.0	0.0	0.0	0.0	0.0	0.0	0.0
SAVOIE	73	EN05Nombre d'éoliennes installées depuis 1990	Nombre	0.0	0.0	0.0	0.0	0.0	0.0	0.0	0.0	0.0	0.0	0.0	0.0	0.0	0.0	0.0	0.0	0.0	0.0	0.0
SAVOIE	73	EN05Puissance installée depuis 1990	MW	0.0	0.0	0.0	0.0	0.0	0.0	0.0	0.0	0.0	0.0	0.0	0.0	0.0	0.0	0.0	0.0	0.0	0.0	0.0
SAVOIE	73	EN05Nombre d'éoliennes installées dans l'année	Nombre	0.0	0.0	0.0	0.0	0.0	0.0	0.0	0.0	0.0	0.0	0.0	0.0	0.0	0.0	0.0	0.0	0.0	0.0	0.0
SAVOIE	73	EN05Puissance installée dans l'année	MW	0.0	0.0	0.0	0.0	0.0	0.0	0.0	0.0	0.0	0.0	0.0	0.0	0.0	0.0	0.0	0.0	0.0	0.0	0.0
SEINE-ET-MARNE	77	EN05Nombre d'éoliennes installées depuis 1990	Nombre	0.0	0.0	0.0	0.0	0.0	0.0	0.0	0.0	0.0	0.0	0.0	0.0	0.0	0.0	0.0	0.0	0.0	0.0	0.0
SEINE-ET-MARNE	77	EN05Puissance installée depuis 1990	MW	0.0	0.0	0.0	0.0	0.0	0.0	0.0	0.0	0.0	0.0	0.0	0.0	0.0	0.0	0.0	0.0	0.0	0.0	0.0
SEINE-ET-MARNE	77	EN05Nombre d'éoliennes installées dans l'année	Nombre	0.0	0.0	0.0	0.0	0.0	0.0	0.0	0.0	0.0	0.0	0.0	0.0	0.0	0.0	0.0	0.0	0.0	0.0	0.0
SEINE-ET-MARNE	77	EN05Puissance installée dans l'année	MW	0.0	0.0	0.0	0.0	0.0	0.0	0.0	0.0	0.0	0.0	0.0	0.0	0.0	0.0	0.0	0.0	0.0	0.0	0.0
SEINE-MARITIME	76	EN05Nombre d'éoliennes installées depuis 1990	Nombre	0.0	0.0	0.0	0.0	0.0	0.0	0.0	0.0	0.0	0.0	0.0	0.0	0.0	0.0	0.0	19.0	29.0	43.0	56.0
SEINE-MARITIME	76	EN05Puissance installée depuis 1990	MW	0.0	0.0	0.0	0.0	0.0	0.0	0.0	0.0	0.0	0.0	0.0	0.0	0.0	0.0	0.0	32.5	56.5	91.5	119.0
SEINE-MARITIME	76	EN05Nombre d'éoliennes installées dans l'année	Nombre	0.0	0.0	0.0	0.0	0.0	0.0	0.0	0.0	0.0	0.0	0.0	0.0	0.0	0.0	0.0	19.0	10.0	14.0	13.0
SEINE-MARITIME	76	EN05Puissance installée dans l'année	MW	0.0	0.0	0.0	0.0	0.0	0.0	0.0	0.0	0.0	0.0	0.0	0.0	0.0	0.0	0.0	32.5	24.0	35.0	27.5
SEINE-SAINT-DENIS	93	EN05Nombre d'éoliennes installées depuis 1990	Nombre	0.0	0.0	0.0	0.0	0.0	0.0	0.0	0.0	0.0	0.0	0.0	0.0	0.0	0.0	0.0	0.0	0.0	0.0	0.0
SEINE-SAINT-DENIS	93	EN05Puissance installée depuis 1990	MW	0.0	0.0	0.0	0.0	0.0	0.0	0.0	0.0	0.0	0.0	0.0	0.0	0.0	0.0	0.0	0.0	0.0	0.0	0.0
SEINE-SAINT-DENIS	93	EN05Nombre d'éoliennes installées dans l'année	Nombre	0.0	0.0	0.0	0.0	0.0	0.0	0.0	0.0	0.0	0.0	0.0	0.0	0.0	0.0	0.0	0.0	0.0	0.0	0.0
SEINE-SAINT-DENIS	93	EN05Puissance installée dans l'année	MW	0.0	0.0	0.0	0.0	0.0	0.0	0.0	0.0	0.0	0.0	0.0	0.0	0.0	0.0	0.0	0.0	0.0	0.0	0.0
SOMME	80	EN05Nombre d'éoliennes installées depuis 1990	Nombre	0.0	0.0	0.0	0.0	0.0	0.0	0.0	1.0	1.0	1.0	1.0	1.0	3.0	9.0	21.0	49.0	66.0	119.0	176.0
SOMME	80	EN05Puissance installée depuis 1990	MW	0.0	0.0	0.0	0.0	0.0	0.0	0.0	0.3	0.3	0.3	0.3	0.3	4.3	16.3	40.3	96.3	128.65	225.7	349.1
SOMME	80	EN05Nombre d'éoliennes installées dans l'année	Nombre	0.0	0.0	0.0	0.0	0.0	0.0	0.0	1.0	0.0	0.0	0.0	0.0	2.0	6.0	12.0	28.0	17.0	53.0	57.0
SOMME	80	EN05Puissance installée dans l'année	MW	0.0	0.0	0.0	0.0	0.0	0.0	0.0	0.3	0.0	0.0	0.0	0.0	4.0	12.0	24.0	56.0	32.35	97.05	123.4
TARN	81	EN05Nombre d'éoliennes installées depuis 1990	Nombre	0.0	0.0	0.0	0.0	0.0	0.0	0.0	0.0	0.0	0.0	0.0	0.0	0.0	0.0	0.0	0.0	27.0	27.0	33.0
TARN	81	EN05Puissance installée depuis 1990	MW	0.0	0.0	0.0	0.0	0.0	0.0	0.0	0.0	0.0	0.0	0.0	0.0	0.0	0.0	0.0	0.0	41.1	41.1	53.1
TARN	81	EN05Nombre d'éoliennes installées dans l'année	Nombre	0.0	0.0	0.0	0.0	0.0	0.0	0.0	0.0	0.0	0.0	0.0	0.0	0.0	0.0	0.0	0.0	27.0	0.0	6.0
TARN	81	EN05Puissance installée dans l'année	MW	0.0	0.0	0.0	0.0	0.0	0.0	0.0	0.0	0.0	0.0	0.0	0.0	0.0	0.0	0.0	0.0	41.1	0.0	12.0
TARN-ET-GARONNE	82	EN05Nombre d'éoliennes installées depuis 1990	Nombre	0.0	0.0	0.0	0.0	0.0	0.0	0.0	0.0	0.0	0.0	0.0	0.0	0.0	0.0	0.0	0.0	0.0	0.0	6.0
TARN-ET-GARONNE	82	EN05Puissance installée depuis 1990	MW	0.0	0.0	0.0	0.0	0.0	0.0	0.0	0.0	0.0	0.0	0.0	0.0	0.0	0.0	0.0	0.0	0.0	0.0	12.0
TARN-ET-GARONNE	82	EN05Nombre d'éoliennes installées dans l'année	Nombre	0.0	0.0	0.0	0.0	0.0	0.0	0.0	0.0	0.0	0.0	0.0	0.0	0.0	0.0	0.0	0.0	0.0	0.0	6.0
TARN-ET-GARONNE	82	EN05Puissance installée dans l'année	MW	0.0	0.0	0.0	0.0	0.0	0.0	0.0	0.0	0.0	0.0	0.0	0.0	0.0	0.0	0.0	0.0	0.0	0.0	12.0
TERRITOIRE-DE-BELFORT	90	EN05Nombre d'éoliennes installées depuis 1990	Nombre	0.0	0.0	0.0	0.0	0.0	0.0	0.0	0.0	0.0	0.0	0.0	0.0	0.0	0.0	0.0	0.0	0.0	0.0	0.0
TERRITOIRE-DE-BELFORT	90	EN05Puissance installée depuis 1990	MW	0.0	0.0	0.0	0.0	0.0	0.0	0.0	0.0	0.0	0.0	0.0	0.0	0.0	0.0	0.0	0.0	0.0	0.0	0.0
TERRITOIRE-DE-BELFORT	90	EN05Nombre d'éoliennes installées dans l'année	Nombre	0.0	0.0	0.0	0.0	0.0	0.0	0.0	0.0	0.0	0.0	0.0	0.0	0.0	0.0	0.0	0.0	0.0	0.0	0.0
TERRITOIRE-DE-BELFORT	90	EN05Puissance installée dans l'année	MW	0.0	0.0	0.0	0.0	0.0	0.0	0.0	0.0	0.0	0.0	0.0	0.0	0.0	0.0	0.0	0.0	0.0	0.0	0.0
VAL-D OISE	95	EN05Nombre d'éoliennes installées depuis 1990	Nombre	0.0	0.0	0.0	0.0	0.0	0.0	0.0	0.0	0.0	0.0	0.0	0.0	0.0	0.0	0.0	0.0	0.0	0.0	0.0
VAL-D OISE	95	EN05Puissance installée depuis 1990	MW	0.0	0.0	0.0	0.0	0.0	0.0	0.0	0.0	0.0	0.0	0.0	0.0	0.0	0.0	0.0	0.0	0.0	0.0	0.0
VAL-D OISE	95	EN05Nombre d'éoliennes installées dans l'année	Nombre	0.0	0.0	0.0	0.0	0.0	0.0	0.0	0.0	0.0	0.0	0.0	0.0	0.0	0.0	0.0	0.0	0.0	0.0	0.0
VAL-D OISE	95	EN05Puissance installée dans l'année	MW	0.0	0.0	0.0	0.0	0.0	0.0	0.0	0.0	0.0	0.0	0.0	0.0	0.0	0.0	0.0	0.0	0.0	0.0	0.0
VAL-DE-MARNE	94	EN05Nombre d'éoliennes installées depuis 1990	Nombre	0.0	0.0	0.0	0.0	0.0	0.0	0.0	0.0	0.0	0.0	0.0	0.0	0.0	0.0	0.0	0.0	0.0	0.0	0.0
VAL-DE-MARNE	94	EN05Puissance installée depuis 1990	MW	0.0	0.0	0.0	0.0	0.0	0.0	0.0	0.0	0.0	0.0	0.0	0.0	0.0	0.0	0.0	0.0	0.0	0.0	0.0
VAL-DE-MARNE	94	EN05Nombre d'éoliennes installées dans l'année	Nombre	0.0	0.0	0.0	0.0	0.0	0.0	0.0	0.0	0.0	0.0	0.0	0.0	0.0	0.0	0.0	0.0	0.0	0.0	0.0
VAL-DE-MARNE	94	EN05Puissance installée dans l'année	MW	0.0	0.0	0.0	0.0	0.0	0.0	0.0	0.0	0.0	0.0	0.0	0.0	0.0	0.0	0.0	0.0	0.0	0.0	0.0
VAR	83	EN05Nombre d'éoliennes installées depuis 1990	Nombre	0.0	0.0	0.0	0.0	0.0	0.0	0.0	0.0	0.0	0.0	0.0	0.0	0.0	0.0	0.0	0.0	0.0	0.0	0.0
VAR	83	EN05Puissance installée depuis 1990	MW	0.0	0.0	0.0	0.0	0.0	0.0	0.0	0.0	0.0	0.0	0.0	0.0	0.0	0.0	0.0	0.0	0.0	0.0	0.0
VAR	83	EN05Nombre d'éoliennes installées dans l'année	Nombre	0.0	0.0	0.0	0.0	0.0	0.0	0.0	0.0	0.0	0.0	0.0	0.0	0.0	0.0	0.0	0.0	0.0	0.0	0.0
VAR	83	EN05Puissance installée dans l'année	MW	0.0	0.0	0.0	0.0	0.0	0.0	0.0	0.0	0.0	0.0	0.0	0.0	0.0	0.0	0.0	0.0	0.0	0.0	0.0
VAUCLUSE	84	EN05Nombre d'éoliennes installées depuis 1990	Nombre	0.0	0.0	0.0	0.0	0.0	0.0	0.0	0.0	0.0	0.0	0.0	0.0	0.0	0.0	0.0	0.0	0.0	0.0	3.0
VAUCLUSE	84	EN05Puissance installée depuis 1990	MW	0.0	0.0	0.0	0.0	0.0	0.0	0.0	0.0	0.0	0.0	0.0	0.0	0.0	0.0	0.0	0.0	0.0	0.0	6.9
VAUCLUSE	84	EN05Nombre d'éoliennes installées dans l'année	Nombre	0.0	0.0	0.0	0.0	0.0	0.0	0.0	0.0	0.0	0.0	0.0	0.0	0.0	0.0	0.0	0.0	0.0	0.0	3.0
VAUCLUSE	84	EN05Puissance installée dans l'année	MW	0.0	0.0	0.0	0.0	0.0	0.0	0.0	0.0	0.0	0.0	0.0	0.0	0.0	0.0	0.0	0.0	0.0	0.0	6.9
VENDEE	85	EN05Nombre d'éoliennes installées depuis 1990	Nombre	0.0	0.0	0.0	0.0	0.0	0.0	0.0	0.0	0.0	0.0	0.0	0.0	8.0	8.0	13.0	22.0	42.0	59.0	75.0
VENDEE	85	EN05Puissance installée depuis 1990	MW	0.0	0.0	0.0	0.0	0.0	0.0	0.0	0.0	0.0	0.0	0.0	0.0	19.5	19.5	23.75	41.75	80.75	106.35	119.15
VENDEE	85	EN05Nombre d'éoliennes installées dans l'année	Nombre	0.0	0.0	0.0	0.0	0.0	0.0	0.0	0.0	0.0	0.0	0.0	0.0	8.0	0.0	5.0	9.0	20.0	17.0	16.0
VENDEE	85	EN05Puissance installée dans l'année	MW	0.0	0.0	0.0	0.0	0.0	0.0	0.0	0.0	0.0	0.0	0.0	0.0	19.5	0.0	4.25	18.0	39.0	25.6	12.8
VIENNE	86	EN05Nombre d'éoliennes installées depuis 1990	Nombre	0.0	0.0	0.0	0.0	0.0	0.0	0.0	0.0	0.0	0.0	0.0	0.0	0.0	0.0	0.0	0.0	0.0	4.0	4.0
VIENNE	86	EN05Puissance installée depuis 1990	MW	0.0	0.0	0.0	0.0	0.0	0.0	0.0	0.0	0.0	0.0	0.0	0.0	0.0	0.0	0.0	0.0	0.0	6.68	6.68
VIENNE	86	EN05Nombre d'éoliennes installées dans l'année	Nombre	0.0	0.0	0.0	0.0	0.0	0.0	0.0	0.0	0.0	0.0	0.0	0.0	0.0	0.0	0.0	0.0	0.0	4.0	0.0
VIENNE	86	EN05Puissance installée dans l'année	MW	0.0	0.0	0.0	0.0	0.0	0.0	0.0	0.0	0.0	0.0	0.0	0.0	0.0	0.0	0.0	0.0	0.0	6.68	0.0
VOSGES	88	EN05Nombre d'éoliennes installées depuis 1990	Nombre	0.0	0.0	0.0	0.0	0.0	0.0	0.0	0.0	0.0	0.0	0.0	0.0	0.0	0.0	0.0	0.0	0.0	0.0	5.0
VOSGES	88	EN05Puissance installée depuis 1990	MW	0.0	0.0	0.0	0.0	0.0	0.0	0.0	0.0	0.0	0.0	0.0	0.0	0.0	0.0	0.0	0.0	0.0	0.0	10.0
VOSGES	88	EN05Nombre d'éoliennes installées dans l'année	Nombre	0.0	0.0	0.0	0.0	0.0	0.0	0.0	0.0	0.0	0.0	0.0	0.0	0.0	0.0	0.0	0.0	0.0	0.0	5.0
VOSGES	88	EN05Puissance installée dans l'année	MW	0.0	0.0	0.0	0.0	0.0	0.0	0.0	0.0	0.0	0.0	0.0	0.0	0.0	0.0	0.0	0.0	0.0	0.0	10.0
YONNE	89	EN05Nombre d'éoliennes installées depuis 1990	Nombre	0.0	0.0	0.0	0.0	0.0	0.0	0.0	0.0	0.0	0.0	0.0	0.0	0.0	0.0	0.0	0.0	0.0	0.0	0.0
YONNE	89	EN05Puissance installée depuis 1990	MW	0.0	0.0	0.0	0.0	0.0	0.0	0.0	0.0	0.0	0.0	0.0	0.0	0.0	0.0	0.0	0.0	0.0	0.0	0.0
YONNE	89	EN05Nombre d'éoliennes installées dans l'année	Nombre	0.0	0.0	0.0	0.0	0.0	0.0	0.0	0.0	0.0	0.0	0.0	0.0	0.0	0.0	0.0	0.0	0.0	0.0	0.0
YONNE	89	EN05Puissance installée dans l'année	MW	0.0	0.0	0.0	0.0	0.0	0.0	0.0	0.0	0.0	0.0	0.0	0.0	0.0	0.0	0.0	0.0	0.0	0.0	0.0
YVELINES	78	EN05Nombre d'éoliennes installées depuis 1990	Nombre	0.0	0.0	0.0	0.0	0.0	0.0	0.0	0.0	0.0	0.0	0.0	0.0	1.0	1.0	1.0	1.0	1.0	1.0	1.0
YVELINES	78	EN05Puissance installée depuis 1990	MW	0.0	0.0	0.0	0.0	0.0	0.0	0.0	0.0	0.0	0.0	0.0	0.0	0.1	0.1	0.1	0.1	0.1	0.1	0.1
YVELINES	78	EN05Nombre d'éoliennes installées dans l'année	Nombre	0.0	0.0	0.0	0.0	0.0	0.0	0.0	0.0	0.0	0.0	0.0	0.0	1.0	0.0	0.0	0.0	0.0	0.0	0.0
YVELINES	78	EN05Puissance installée dans l'année	MW	0.0	0.0	0.0	0.0	0.0	0.0	0.0	0.0	0.0	0.0	0.0	0.0	0.1	0.0	0.0	0.0	0.0	0.0	0.0
Producteur : Syndicat des énergies renouvelables (SER).
Source : Enquête Production d'Électricité.
